# Gene Family	Abundance (reads per kilobase)
gene1	1577.68120175
gene1|bug1	2000.0
gene1|bug2	1000.0
gene1|unclassified	1000.0
gene2	1268.94142137
gene2|bug1	1000.0
gene2|bug3	1000.0
gene2|unclassified	1000.0
gene4	1000.0
gene4|bug1	1000.0
gene5	1000.0
gene5|bug2	1000.0
gene3	731.05857863
gene3|bug1	1000.0