# Gene Family	Abundance (reads per kilobase)
gene1	1577.6812017485
gene1|bug1	2000.0000000000
gene1|bug2	1000.0000000000
gene1|unclassified	1000.0000000000
gene2	1268.9414213700
gene2|bug1	1000.0000000000
gene2|bug3	1000.0000000000
gene2|unclassified	1000.0000000000
gene4	1000.0000000000
gene4|bug1	1000.0000000000
gene5	1000.0000000000
gene5|bug2	1000.0000000000
gene3	731.0585786300
gene3|bug1	1000.0000000000